,Date,Predicted,Actual,Actual (t-1),% Change Predicted
1,2021-10-28,145.54565106511114,146.66999875724315,143.86000061631202,0.011717297661459833
2,2021-10-29,146.4773468738794,144.9600016030669,146.66999875724315,-0.001313505727116013
3,2021-11-01,146.2126427578926,144.72999993681907,144.9600016030669,0.008641288224152504
4,2021-11-02,145.96092225372792,147.03000200003385,144.72999993681907,0.008504956245741702
5,2021-11-03,146.82787519454956,147.6499986630678,147.03000200003385,-0.0013747317060108385
6,2021-11-04,147.56507961273192,147.86999983370302,147.6499986630678,-0.0005751374947836365
7,2021-11-05,148.08025842905045,146.68999974846838,147.86999983370302,0.0014219151659152383
8,2021-11-08,147.89805961847304,148.070000013113,146.68999974846838,0.008235461667981047
9,2021-11-09,148.3705599206686,148.44999938070774,148.070000013113,0.0020298501217598263
10,2021-11-10,148.7819185066223,148.77000064104794,148.44999938070774,0.002235898466145109
11,2021-11-11,149.15247701704502,148.9099978467822,148.77000064104794,0.0025709240730589942
12,2021-11-12,149.42077255189417,148.8099977570772,148.9099978467822,0.003430090071168499
13,2021-11-15,149.53218439936637,150.19999851733445,148.8099977570772,0.004853078779478801
14,2021-11-16,150.17408482432364,149.47000126898288,150.19999851733445,-0.00017252791788687242
15,2021-11-17,150.23257920742034,150.3799977055192,149.47000126898288,0.005101879520728318
16,2021-11-18,150.64919352829455,150.57999788492918,150.3799977055192,0.0017901039159642484
17,2021-11-19,150.9648685401678,150.2199995085597,150.57999788492918,0.0025559215078003036
18,2021-11-22,150.99323004305361,150.8999991452694,150.2199995085597,0.005147320842920422
19,2021-11-23,151.29266094088553,152.579999679029,150.8999991452694,0.0026021325237922956
20,2021-11-24,152.1525381052494,154.50999800384045,152.579999679029,-0.002801557049933242
21,2021-11-26,153.41410914301872,149.88000212341547,154.50999800384045,-0.007092672804218739
22,2021-11-29,152.27775112330912,153.2800003069639,149.88000212341547,0.015997791339229336
23,2021-11-30,153.03345767498016,150.7500014439225,153.2800003069639,-0.001608446186651934
24,2021-12-01,152.38552288770674,151.69999986290932,150.7500014439225,0.010849230037272175
25,2021-12-02,152.39976203620432,154.41999840974808,151.69999986290932,0.004612802728591771
26,2021-12-03,153.50589958012102,154.66000057160855,154.41999840974808,-0.0059195624856925675
27,2021-12-06,154.22697667837141,156.55000178039074,154.66000057160855,-0.0027998441202425938
28,2021-12-07,155.39956033766268,159.30000181406734,156.55000178039074,-0.007348715615742454
29,2021-12-08,157.1860041028261,159.4399990198016,159.30000181406734,-0.013270544175565465
30,2021-12-09,158.24721484601497,157.55999830663202,159.4399990198016,-0.007481084929249761
31,2021-12-10,158.19353821992874,159.08000064343213,157.55999830663202,0.0040209438950599965
32,2021-12-13,158.73630964457988,161.0799975711107,159.08000064343213,-0.0021604915606117884
33,2021-12-14,159.74273421764374,158.72999789625405,161.0799975711107,-0.008301858540050045
34,2021-12-15,159.45071001291274,162.55999792546032,158.72999789625405,0.004540490935618523
35,2021-12-16,160.70647054374217,163.24999805778265,162.55999792546032,-0.011402112483835426
36,2021-12-17,161.65837173342703,161.1799976608157,163.24999805778265,-0.009749625380039862
37,2021-12-20,161.48892294645307,161.3899983358383,161.1799976608157,0.001916647785834249
38,2021-12-21,161.50056342601775,160.78999779760838,161.3899983358383,0.0006850801866257714
39,2021-12-22,161.2615734797716,162.25999765634535,160.78999779760838,0.0029328670229650834
40,2021-12-23,161.6044615191221,161.750001578629,162.25999765634535,-0.004040035416564062
41,2021-12-27,161.64097914397715,165.8900023725629,161.750001578629,-0.0006740181365553241
42,2021-12-28,163.1177433282137,165.7900022828579,165.8900023725629,-0.016711429288686967
43,2021-12-29,163.9508843743801,167.67999862521887,165.7900022828579,-0.011093056777573537
44,2021-12-30,165.13706481456757,167.9699983987212,167.67999862521887,-0.015165397372974761
45,2021-12-31,165.95445812165735,168.35999826192855,167.9699983987212,-0.011999406419469215
46,2022-01-03,166.58527283906935,164.9000019711256,168.35999826192855,-0.010541253511408038
47,2022-01-04,165.8057305562496,160.99999847263098,164.9000019711256,0.005492592930851627
48,2022-01-05,163.98622432529925,157.6499979007244,160.99999847263098,0.018547986838496212
49,2022-01-06,161.57585669517516,156.56999790519475,157.6499979007244,0.02490237137156804
50,2022-01-07,159.63188687503336,153.72999827742575,156.56999790519475,0.01955603890147984
51,2022-01-10,157.30598085165022,153.02000202029942,153.72999827742575,0.02326144938719861
52,2022-01-11,155.63575695812702,152.99000053346157,153.02000202029942,0.017094202740113678
53,2022-01-12,154.6370602619648,153.23999832451344,152.99000053346157,0.010765799874240685
54,2022-01-13,154.1876073306799,153.14999873042106,153.23999832451344,0.0061838228695338775
55,2022-01-14,153.9368503779173,152.73999787598848,153.14999873042106,0.005137784224740826
56,2022-01-18,153.67364511966704,153.42999800831078,152.73999787598848,0.006112657173379065
57,2022-01-19,153.81438202142715,153.59000107169152,153.42999800831078,0.002505272880832298
58,2022-01-20,153.9742634242773,154.13999913185833,153.59000107169152,0.0025018708894104114
59,2022-01-21,154.2951844382286,155.4299998024106,154.13999913185833,0.0010067815443382628
60,2022-01-24,154.9992290621996,153.31000179380177,155.4299998024106,-0.002771477454536649
61,2022-01-25,154.56738284289835,153.9599999436736,153.31000179380177,0.008201559157162667
62,2022-01-26,154.58908708155155,151.72000085413455,153.9599999436736,0.004086042726085332
63,2022-01-27,153.68736842751503,148.60999757766723,151.72000085413455,0.012967094399583629
64,2022-01-28,151.87205705165863,155.07000142604113,148.60999757766723,0.021950471214337835
65,2022-01-31,153.45225215256212,156.82000056266784,155.07000142604113,-0.010432380593293369
66,2022-02-01,154.99716569960117,153.51999760240315,156.82000056266784,-0.01162373967941825
67,2022-02-02,154.61827587604523,157.33000150680542,153.51999760240315,0.007153975317837603
68,2022-02-03,155.988183183074,156.4400011950731,157.33000150680542,-0.008528686905741722
69,2022-02-04,156.3949089360237,153.49000098198653,156.4400011950731,-0.0002882399559251443
70,2022-02-07,155.47760800123214,152.04999774366615,153.49000098198653,0.012949423457746146
71,2022-02-08,154.39643519818782,151.18999891877175,152.04999774366615,0.015432012425790429
72,2022-02-09,153.3389424008131,155.37000169515608,151.18999891877175,0.014213529316816033
73,2022-02-10,154.35597577214241,148.42999838948248,155.37000169515608,-0.006526523215229367
74,2022-02-11,152.14723370611668,146.31000038087367,148.42999838948248,0.025043693033534382
75,2022-02-14,149.99896179020405,145.34000097066163,146.31000038087367,0.02521332376274543
76,2022-02-15,148.3077538883686,145.62000024855135,145.34000097066163,0.02041938143585155
77,2022-02-16,147.41441521167755,144.3800020560622,145.62000024855135,0.012322585908964465
78,2022-02-17,146.3620418894291,143.28000106930733,144.3800020560622,0.013727938808293304
79,2022-02-18,145.33402013897896,142.54999895453452,143.28000106930733,0.014335699709257094
80,2022-02-22,144.41944440007208,142.3699997663498,142.54999895453452,0.013114313989814995
81,2022-02-23,143.8589494693279,140.7599978354573,142.3699997663498,0.010458310777703903
82,2022-02-24,142.82680099368093,143.32999868094922,140.7599978354573,0.01468317128449824
83,2022-02-25,143.42471870362758,148.44999938070774,143.32999868094922,0.0006608527422734783
84,2022-02-28,146.01903705596922,145.8500019147992,148.44999938070774,-0.01637563041347132
85,2022-03-01,146.34403613090515,145.76000232070683,145.8500019147992,0.003387276034418864
86,2022-03-02,146.55219243228436,147.6399981674552,145.76000232070683,0.005434893653709734
87,2022-03-03,147.4786714375019,149.5800018543005,147.6399981674552,-0.0010927034134090752
88,2022-03-04,148.78122747480867,150.8400010380149,149.5800018543005,-0.005340114785329857
89,2022-03-07,150.04555290699005,148.9099978467822,150.8400010380149,-0.005266826608046883
90,2022-03-08,149.9709214711189,146.99000001758336,148.9099978467822,0.007124596331190094
91,2022-03-09,149.10315097153185,150.4799977952242,146.99000001758336,0.014376154525448737
92,2022-03-10,150.07053711354732,151.0799983334541,150.4799977952242,-0.0027210306198573796
93,2022-03-11,150.82110472440718,147.82999785125256,151.0799983334541,-0.00171361935334102
94,2022-03-14,149.89904442965982,149.1700009998679,147.82999785125256,0.013996121277693275
95,2022-03-15,149.96520829260348,151.84000193506478,149.1700009998679,0.005330879448987017
96,2022-03-16,151.08052390694618,154.57000097751617,151.84000193506478,-0.00500183099604667
97,2022-03-17,152.81538360714913,156.66000236570835,154.57000097751617,-0.01135160354060081
98,2022-03-18,154.6752227371931,160.16000063896178,156.66000236570835,-0.01266934506921528
99,2022-03-21,157.1112461400032,158.91999758005142,160.16000063896178,-0.019035679862609272
100,2022-03-22,158.04576447308062,158.66999978899955,158.91999758005142,-0.005501089354915335
101,2022-03-23,158.53632893085478,157.23000141710042,158.66999978899955,-0.0008424456943500631
102,2022-03-24,158.25703528404236,155.88999826848507,157.23000141710042,0.006532047686099135
103,2022-03-25,157.5307997792959,157.33000150680542,155.88999826848507,0.01052538026195192
104,2022-03-28,157.60576213181017,160.35000032275914,157.33000150680542,0.0017527529547047133
105,2022-03-29,158.76200434863566,164.7000017917156,160.35000032275914,-0.009903311324771454
106,2022-03-30,161.00878236293792,164.13999836951493,164.7000017917156,-0.02241177528003739
107,2022-03-31,162.1641875553131,161.47999792993068,164.13999836951493,-0.01203735124788926
108,2022-04-01,161.96341848134995,165.7999979120493,161.47999792993068,0.0029936868814491647
109,2022-04-04,163.37579991281032,163.77999999314545,165.7999979120493,-0.014621218514881506
110,2022-04-05,163.46956611692906,166.2800022357702,163.77999999314545,-0.0018954321420770895
111,2022-04-06,164.3816113168001,170.1100022649765,166.2800022357702,-0.011416832411863689
112,2022-04-07,166.1922022640705,168.83000209003686,170.1100022649765,-0.023030979652820947
113,2022-04-08,166.83188360095022,168.6499980354309,168.83000209003686,-0.01183509130101794
114,2022-04-11,167.1949672883749,165.72999930918215,168.6499980354309,-0.008627517130183029
115,2022-04-12,166.49339480638503,165.3299989503622,165.72999930918215,0.004606260184546948
116,2022-04-13,165.8517863667011,165.00000206083058,165.3299989503622,0.0031560359260363524
117,2022-04-14,165.32142431616782,162.6999999976158,165.00000206083058,0.001948013644380081
118,2022-04-18,164.17341608405113,163.00000026673078,162.6999999976158,0.009056030033539721
119,2022-04-19,163.54520003557204,169.55999933838842,163.00000026673078,0.003344783852448471
120,2022-04-20,165.41692296624183,172.66999774843453,169.55999933838842,-0.02443427924223046
121,2022-04-21,167.52227304697035,170.78000140607355,172.66999774843453,-0.029812502279428804
122,2022-04-22,168.27387233912944,168.73000200033187,170.78000140607355,-0.014674605025825847
123,2022-04-25,168.1513845169544,167.73000110328198,168.73000200033187,-0.0034292507350075097
124,2022-04-26,167.73040014982223,165.62999921947716,167.73000110328198,2.3791005641658505e-06
125,2022-04-27,166.73420479416848,167.66999812960623,165.62999921947716,0.0066667003555807075
126,2022-04-28,166.7550817412138,173.01,167.66999812960623,-0.005456649362429323
127,2022-04-29,168.41610809862613,160.29000221550464,173.01,-0.026552753605998878
128,2022-05-02,165.2856171888113,153.12999773919583,160.29000221550464,0.031166104587048528
129,2022-05-03,160.7828149598837,152.35999850839374,153.12999773919583,0.04997595071947824
130,2022-05-04,157.5694488966465,152.279999409914,152.35999850839374,0.03419171986908198
131,2022-05-05,155.4200090396404,144.97999772787094,152.279999409914,0.02061997400770916
132,2022-05-06,151.13504729032516,140.87999891638756,144.97999772787094,0.04245447412688832
133,2022-05-09,146.90484251260756,132.3700005286932,140.87999891638756,0.04276578394776782
134,2022-05-10,140.51419976592064,125.41000109821557,132.3700005286932,0.06152601952632056
135,2022-05-11,133.52359541237354,123.74000106006861,125.41000109821557,0.06469654926327412
136,2022-05-12,128.70697957769036,123.93000074386596,123.74000106006861,0.04014044347074616
137,2022-05-13,126.15746149912476,128.35000081568955,123.93000074386596,0.01797353943265472
138,2022-05-16,127.16556985393166,125.25000046804547,128.35000081568955,-0.00922813365197199
139,2022-05-17,126.3884705145657,125.9000010511279,125.25000046804547,0.009089581175775557
140,2022-05-18,126.43878931000827,119.529999230057,125.9000010511279,0.004279493680556618
141,2022-05-19,123.2491275845468,119.71999891385435,119.529999230057,0.031114602011597648
142,2022-05-20,121.54590448871254,119.71999891385435,119.71999891385435,0.015251466684125435
143,2022-05-23,120.61477805122732,120.4800000822544,119.71999891385435,0.007473932053881917
144,2022-05-24,120.5691894172132,120.07999972343444,120.4800000822544,0.0007402833241857348
145,2022-05-25,120.4486578963697,120.02999967858194,120.07999972343444,0.0030701047117283526
146,2022-05-26,120.4232405783236,122.36000079542397,120.02999967858194,0.003276188459507473
147,2022-05-27,121.645062687546,127.26000032454728,122.36000079542397,-0.005842907022150878
148,2022-05-31,124.7948927552998,127.4799990619719,127.26000032454728,-0.01937063934434065
149,2022-06-01,126.58209568217396,125.85999906867742,127.4799990619719,-0.007043484361507096
150,2022-06-02,126.69007183626293,129.5399989633262,125.85999906867742,0.006595207164530201
151,2022-06-03,128.52316998168826,127.57999915167689,129.5399989633262,-0.007849536743672733
152,2022-06-06,128.45480649635195,127.86999892517923,127.57999915167689,0.006856931732967205
153,2022-06-07,128.50982625469564,129.6800010354817,127.86999892517923,0.005003732970161285
154,2022-06-08,129.4238180230558,124.77000101074576,129.6800010354817,-0.0019755013138518817
155,2022-06-09,127.45892259165645,122.17000111162662,124.77000101074576,0.021551026361529845
156,2022-06-10,125.04866688922047,117.24000009566545,122.17000111162662,0.02356278752067472
157,2022-06-13,121.17624626621604,108.43000022225081,117.24000009566545,0.03357425935976367
158,2022-06-14,114.4233909215033,110.66000003278255,108.43000022225081,0.05527428467184112
159,2022-06-15,111.92774899229407,115.09000060021877,110.66000003278255,0.01145625301948271
160,2022-06-16,113.17432658627628,111.79000007316469,115.09000060021877,-0.0166450082887466
161,2022-06-17,112.3837521265447,110.35999976366757,111.79000007316469,0.00531131633412125
162,2022-06-21,111.36172580704093,112.35999912455678,110.35999976366757,0.009076894214557058
163,2022-06-22,111.95037785097956,115.45999947220086,112.35999912455678,-0.0036456147807827012
164,2022-06-23,113.92291356369853,118.24000099271535,115.45999947220086,-0.013312713628345511
165,2022-06-24,116.4049441127479,122.5900000284612,118.24000099271535,-0.015519763739519162
166,2022-06-27,120.01155107572674,120.20999886676668,122.5900000284612,-0.021033109977451947
167,2022-06-28,120.65753929451107,118.96000017866491,120.20999886676668,0.0037229883700474185
168,2022-06-29,120.17792428448796,118.30999959558248,118.96000017866491,0.010238097713465498
169,2022-06-30,119.42987261340022,117.65000095009803,118.30999959558248,0.009465582128693988
170,2022-07-01,118.60505801394581,120.02999967858194,117.65000095009803,0.00811778203259742
171,2022-07-05,119.40863068476318,121.43000093445181,120.02999967858194,-0.005176780767163822
172,2022-07-06,120.62703656628727,121.45999998807906,121.43000093445181,-0.006612569891998767
173,2022-07-07,121.34726690724492,122.56999903723597,121.45999998807906,-0.0009281498505286623
174,2022-07-08,122.28911407068371,121.5800010690093,122.56999903723597,-0.002291629018181956
175,2022-07-11,122.24078077509999,121.77999881520867,121.5800010690093,0.0054349374920274265
176,2022-07-12,122.26110295012593,120.90999949470162,121.77999881520867,0.003950600587928207
177,2022-07-13,121.78546867266297,120.75999936014414,120.90999949470162,0.0072406681136386345
178,2022-07-14,121.44118883684277,118.13000040739774,120.75999936014414,0.00564085359645551
179,2022-07-15,119.89416812941431,121.00999958440661,118.13000040739774,0.014934121018644197
180,2022-07-18,120.56449818715453,119.19999990731478,121.00999958440661,-0.0036815254836964303
181,2022-07-19,120.02350787267088,125.1100008291006,119.19999990731478,0.006908623875808956
182,2022-07-20,122.81895054772495,124.57000083133578,125.1100008291006,-0.018312287316704645
183,2022-07-21,124.0720978103578,125.67999988049269,124.57000083133578,-0.003996973730875371
184,2022-07-22,125.28740864798426,126.89999951496719,125.67999988049269,-0.0031237367352142907
185,2022-07-25,126.50907016530633,127.51000054880976,126.89999951496719,-0.0030806095441691266
186,2022-07-26,127.39799013152718,127.5899996472895,127.51000054880976,-0.0008784441753625401
187,2022-07-27,127.86910350367427,127.38999946787953,127.5899996472895,0.002187505738351918
188,2022-07-28,127.98147890254855,132.40000201553104,127.38999946787953,0.0046430601863543365
189,2022-07-29,130.51551202878355,132.56000021249056,132.40000201553104,-0.014233307840330986
190,2022-08-01,131.9359327881038,130.97999976843596,132.56000021249056,-0.004707810979076648
191,2022-08-02,131.92965023830533,129.3700002707541,130.97999976843596,0.00725034716405778
192,2022-08-03,131.11452954992652,130.71999904856085,129.3700002707541,0.013484805407137241
193,2022-08-04,131.2786642049253,130.75000053539873,130.71999904856085,0.004273754287260236
194,2022-08-05,131.34049208655952,131.39000062286854,130.75000053539873,0.0045161877532912745
195,2022-08-08,131.69582843139767,131.2199994970858,131.39000062286854,0.0023276338159625596
196,2022-08-09,131.82736293062567,132.89999759763478,131.2199994970858,0.004628588903121799
197,2022-08-10,132.72668973863125,134.40999943882227,132.89999759763478,-0.001304047119159718
198,2022-08-11,133.93905152499676,134.23000025063752,134.40999943882227,-0.00350381605380385
199,2022-08-12,134.50824761688708,137.23999857097863,134.23000025063752,0.002072914890337546
200,2022-08-15,136.2524119144678,138.38000154018403,137.23999857097863,-0.0071960555726765605
201,2022-08-16,137.71991043269634,137.110001860857,138.38000154018403,-0.004770133690857089
202,2022-08-17,137.9146743428707,137.39000113874673,137.110001860857,0.005868809503994492
203,2022-08-18,138.14374652266503,136.63000240355728,137.39000113874673,0.0054861735036824955
204,2022-08-19,137.87947065174578,134.07999768286942,136.63000240355728,0.009144903946484605
205,2022-08-22,136.4960833579302,130.94000021919607,134.07999768286942,0.01801973237481238
206,2022-08-23,134.2114835178852,128.45999896779657,130.94000021919607,0.024984598237456912
207,2022-08-24,131.71219420596955,131.11999940738082,128.45999896779657,0.025316793276545763
208,2022-08-25,131.62940664812922,132.78000138312578,131.11999940738082,0.0038850460879404736
209,2022-08-26,132.4264120835066,128.35000081568955,132.78000138312578,-0.0026629710493746325
210,2022-08-29,130.76032708123324,127.28999937817454,128.35000081568955,0.01877932411550907
211,2022-08-30,129.37647261098027,125.65000082686542,127.28999937817454,0.016391493777974532
212,2022-08-31,127.78949858531355,124.51000029087066,125.65000082686542,0.017027439270741972
213,2022-09-01,126.32749425664544,124.29999961584805,124.51000029087066,0.01459717260885779
214,2022-09-02,125.45034616336225,121.88999940052628,124.29999961584805,0.009254598158241156
215,2022-09-06,123.80315504148602,123.79999916732311,121.88999940052628,0.015695755602337654
216,2022-09-07,123.94169232085346,126.63000073269009,123.79999916732311,0.001144532750269634
217,2022-09-08,125.50783806368707,127.91000090762972,126.63000073269009,-0.008861744156282915
218,2022-09-09,127.03742238387464,129.63000099062918,127.91000090762972,-0.006821816258020466
219,2022-09-12,128.7389081673324,130.20000004202126,129.63000099062918,-0.006874124943971911
220,2022-09-13,129.9176089181006,125.07999934226274,130.20000004202126,-0.0021689026407797304
221,2022-09-14,127.95977953031658,121.08000062048434,125.07999934226274,0.023023506581366013
222,2022-09-15,124.79109208032489,116.22000064060092,121.08000062048434,0.030649912791730714
223,2022-09-16,120.48657218411564,113.67000078633427,116.22000064060092,0.036711164343465184
224,2022-09-19,116.76781854405999,112.79999903261661,113.67000078633427,0.027252729271540127
225,2022-09-20,114.36399138405919,110.93000003166496,112.79999903261661,0.013865180539499328
226,2022-09-21,112.25360455736518,108.55000008657574,110.93000003166496,0.01193188970812581
227,2022-09-22,110.0473200340569,108.53999959096312,108.55000008657574,0.013793827234333936
228,2022-09-23,109.01228090420365,108.60000013142823,108.53999959096312,0.004351219043857917
229,2022-09-26,108.62904536649584,104.1600002849847,108.60000013142823,0.0002674515196359363
230,2022-09-27,106.10132885500788,102.27999957181513,104.1600002849847,0.018637947049842972
231,2022-09-28,103.74701753094791,103.92999983534216,102.27999957181513,0.014343155702721077
232,2022-09-29,103.4830239124596,101.19000029727816,103.92999983534216,-0.004300740148087257
233,2022-09-30,101.98342647984623,101.59999993510544,101.19000029727816,0.007840954444481914
234,2022-10-03,101.49817615404724,104.36000046439469,101.59999993510544,-0.0010022025701106128
235,2022-10-04,102.90609507724642,105.98999973669648,104.36000046439469,-0.013931634540805777
236,2022-10-05,104.67440655693412,105.44000045992433,105.98999973669648,-0.012412427427404428
237,2022-10-06,105.28807687237858,101.91999997884035,105.44000045992433,-0.001440853441607255
238,2022-10-07,103.58368096902966,100.35999991770834,101.91999997884035,0.016323400613566557
239,2022-10-10,101.69695972815155,98.89999994628131,100.35999991770834,0.013321640210636494
240,2022-10-11,99.80818485751747,100.62999991659075,98.89999994628131,0.009182860583715405
241,2022-10-12,99.82783059999346,100.42999973718076,100.62999991659075,-0.00797147289339343
242,2022-10-13,99.9359916780889,102.52000051707029,100.42999973718076,-0.004918929208251095
243,2022-10-14,101.29253092601896,99.53000014644115,102.52000051707029,-0.01197297683242744
244,2022-10-17,100.43115977033972,105.22999978490174,99.53000014644115,0.009054150734177277
245,2022-10-18,103.01886952266096,105.85000009775162,105.22999978490174,-0.021012356426499033
246,2022-10-19,104.75790947869419,102.00999957293271,105.85000009775162,-0.010317341691534181
247,2022-10-20,103.47892151936888,102.45999997660518,102.00999957293271,0.014399783870070043
248,2022-10-21,102.89965193554758,103.08000028945506,102.45999997660518,0.004290961927023153
249,2022-10-24,102.86915407374501,103.3700000629574,103.08000028945506,-0.00204546192392297
250,2022-10-25,103.0388023839891,108.33000013254582,103.3700000629574,-0.003204001922865367
251,2022-10-26,105.85708317384123,109.86999981075525,108.33000013254582,-0.022827628133286076
252,2022-10-27,108.3185822917521,111.01000034675002,109.86999981075525,-0.014120483495725674
253,2022-10-28,110.1760660739243,112.98000065401196,111.01000034675002,-0.007512244574550438
254,2022-10-31,112.03494165256619,110.74999962687492,112.98000065401196,-0.008364834448354298
255,2022-11-01,111.66950261726974,108.55000008657574,110.74999962687492,0.00830251009925682
256,2022-11-02,110.11363475605845,106.7400004094839,108.55000008657574,0.014404741301111088
257,2022-11-03,108.18512068971991,108.01000008881091,106.7400004094839,0.013538694722616956
258,2022-11-04,107.86323125794529,107.62000022560358,108.01000008881091,-0.001358844836079481
259,2022-11-07,107.57793244734405,108.92999945417046,107.62000022560358,-0.0003908918246732524
260,2022-11-08,108.24214054718612,109.74999994643032,108.92999945417046,-0.006314687509694983
261,2022-11-09,109.14053056910633,108.7899998152256,109.74999994643032,-0.005553251732314128
262,2022-11-10,109.09528258457779,118.34000108242034,108.7899998152256,0.00280616573095594
263,2022-11-11,114.16013213261961,116.13000104650854,118.34000108242034,-0.03532084596559686
264,2022-11-14,115.66394875243306,112.50000119671225,116.13000104650854,-0.0040131946084184895
265,2022-11-15,114.40634871438145,112.74999898776412,112.50000119671225,0.016945311087915933
266,2022-11-16,113.68667801186442,113.64999979510903,112.74999898776412,0.008307574567711976
267,2022-11-17,113.68549547150731,112.30999907970428,113.64999979510903,0.00031232447393116206
268,2022-11-18,112.95002836570143,114.56000109806656,112.30999907970428,0.0056987738513195755
269,2022-11-21,113.77932980552315,114.9500009612739,114.56000109806656,-0.006814518898923024
270,2022-11-22,114.55546072706579,115.78000073254108,114.9500009612739,-0.003432276910906915
271,2022-11-23,115.40489455148577,115.5300005082786,115.78000073254108,-0.003239818437398646
272,2022-11-25,115.67952616676688,116.38999933317304,115.5300005082786,0.0012942582691113018
273,2022-11-28,116.23841517850757,111.45999953381717,116.38999933317304,-0.0013023812658641996
274,2022-11-29,113.88600662514567,113.81000042527913,111.45999953381717,0.02176571955387857
275,2022-11-30,113.80040627583861,117.79000058904289,113.81000042527913,-8.429970481210637e-05
276,2022-12-01,115.92154789343476,117.10000045672058,117.79000058904289,-0.015862574804859413
277,2022-12-02,116.7474428384006,116.93999982655048,117.10000045672058,-0.003010739683560296
278,2022-12-05,117.11699886605143,114.26000082895159,116.93999982655048,0.0015135885049041128
279,2022-12-06,115.85882459029554,114.60000064730643,114.26000082895159,0.013992856202910471
280,2022-12-07,115.28612467512488,115.99999946996569,114.60000064730643,0.005987120627774427
281,2022-12-08,115.66707786127924,117.60000090524554,115.99999946996569,-0.0028700138811004615
282,2022-12-09,116.7649911533296,116.3200007303059,117.60000090524554,-0.0071004230058529525
283,2022-12-12,116.74171019420027,118.03000031769275,116.3200007303059,0.0036254252170451326
284,2022-12-13,117.6206296648085,121.09000111609697,118.03000031769275,-0.0034683610250137737
285,2022-12-14,119.67296008631587,121.5800010690093,121.09000111609697,-0.01170237853431426
286,2022-12-15,120.9773069666326,118.58999887347221,121.5800010690093,-0.004957181255777508
287,2022-12-16,120.07813831731677,112.24000047683715,118.58999887347221,0.012548608297334646
288,2022-12-19,116.19381442800163,112.06999935105442,112.24000047683715,0.035226424931995806
289,2022-12-20,113.90451362505554,112.17999993637204,112.06999935105442,0.016369360976389285
290,2022-12-21,112.73615888580679,113.93999956861138,112.17999993637204,0.0049577371166892184
291,2022-12-22,113.18451687231659,113.2700004275143,113.93999956861138,-0.006630530973803115
292,2022-12-23,113.25840861216187,113.62000074148177,113.2700004275143,-0.00010233791214514877
293,2022-12-27,113.58658059373498,113.28999898552894,113.62000074148177,-0.0002941396543627574
294,2022-12-28,113.59067812040448,110.45000057436525,113.28999898552894,0.0026540660037780058
295,2022-12-29,112.00348510578274,113.97000105544925,110.45000057436525,0.014065047744128758
296,2022-12-30,113.00951063230633,112.73000042974948,113.97000105544925,-0.00842757229313012
297,2023-01-03,112.92928767845034,112.69000088050961,112.73000042974948,0.0017678279778331615
298,2023-01-04,112.88854113355278,116.96000081777572,112.69000088050961,0.0017618267059353755
299,2023-01-05,115.1574905629456,112.8499990774691,116.96000081777572,-0.01541133928032751
300,2023-01-06,114.1987617842853,116.65000005304813,112.8499990774691,0.011951818501037752
301,2023-01-09,115.63473075941205,116.06000001043081,116.65000005304813,-0.008703551591722019
302,2023-01-10,116.05358363404869,116.04999951481818,116.06000001043081,-5.5284993809609044e-05
303,2023-01-11,116.24836214348673,120.94999904394149,116.04999951481818,0.0017092859069182443
304,2023-01-12,118.89349566623568,122.12000106677412,120.94999904394149,-0.017002921818615933
305,2023-01-13,120.89836388155817,121.8999998961389,122.12000106677412,-0.010003579876714656
306,2023-01-17,121.82676998957992,121.4200004388392,121.8999998961389,-0.0006007375440637556
307,2023-01-18,121.97456806853413,122.65000056892633,121.4200004388392,0.0045673499233289195
308,2023-01-19,122.61733471646905,121.28999886229634,122.65000056892633,-0.0002663338956849618
309,2023-01-20,122.19348889365791,122.81999926149844,121.28999886229634,0.007449006841753921
310,2023-01-23,122.71760245934128,126.06999974370002,122.81999926149844,-0.000833714401342277
311,2023-01-24,124.68033719971775,126.39999906644225,126.06999974370002,-0.011022943974041792
312,2023-01-25,125.90490397050976,125.6900003761053,126.39999906644225,-0.003916891610673487
313,2023-01-26,126.18955068066715,128.0600010421872,125.6900003761053,0.003974463386642007
314,2023-01-27,127.49677848234772,129.8399992324412,128.0600010421872,-0.004398114596718845
315,2023-01-30,129.04242685899138,127.78999982669949,129.8399992324412,-0.006142732425791118
316,2023-01-31,128.81834276095032,129.28000067666173,127.78999982669949,0.008047131509863071
317,2023-02-01,129.41731648430226,130.9000006699562,129.28000067666173,0.0010621581599768828
318,2023-02-02,130.51660697355865,134.489998537302,130.9000006699562,-0.0029289052286883828
319,2023-02-03,132.84126475989817,131.61999985590577,134.489998537302,-0.012259155292849102
320,2023-02-06,132.70084904193877,131.44000066772102,131.61999985590577,0.008211891712629376
321,2023-02-07,132.5335609459877,130.270001078099,131.44000066772102,0.00831984382768815
322,2023-02-08,131.82756732031703,129.7999996832013,130.270001078099,0.0119564460683795
323,2023-02-09,131.16533012107013,128.04000005096196,129.7999996832013,0.010518724508483459
324,2023-02-10,129.92016865566373,128.09000009581445,128.04000005096196,0.014684228397012092
325,2023-02-13,129.27861861303447,129.29000117227434,128.09000009581445,0.009279557469989116
326,2023-02-14,129.54284581974147,127.72999928623437,129.29000117227434,0.0019556396099820734
327,2023-02-15,128.93918086633084,127.52999910682439,127.72999928623437,0.009466699967536794
328,2023-02-16,128.53844567790628,125.7900004658103,127.52999910682439,0.007907524332664458
329,2023-02-17,127.45943356588482,125.31999907091259,125.7900004658103,0.013271588313001712
330,2023-02-21,126.63133413210511,123.4800003401935,125.31999907091259,0.010463893001231999
331,2023-02-22,125.25315390899777,122.90000079318881,123.4800003401935,0.01435984421703231
332,2023-02-23,124.22736584588884,124.0099998423457,122.90000079318881,0.010800366510441835
333,2023-02-24,124.27338272497057,121.38000088959932,124.0099998423457,0.002123884226753543
334,2023-02-27,122.99316356107592,122.90999885559081,121.38000088959932,0.013290185035868034
335,2023-02-28,123.12148135587573,123.39999880850314,122.90999885559081,0.0017206289338053816
336,2023-03-01,123.47234545961021,121.13000066533684,123.39999880850314,0.0005862775673064519
337,2023-03-02,122.51420551791786,124.62000087618827,121.13000066533684,0.011427432056286055
338,2023-03-03,123.79526170626282,126.94999955981969,124.62000087618827,-0.006618032130691772
339,2023-03-06,125.68143304154276,127.1600002348423,126.94999955981969,-0.009992646889921178
340,2023-03-07,126.80310420200227,123.82000015854835,127.1600002348423,-0.002806669016836285
341,2023-03-08,125.70197420552373,125.0600007842481,123.82000015854835,0.015199273498348835
342,2023-03-09,125.68690289899706,121.29999935790896,125.0600007842481,0.005012810737387421
343,2023-03-10,123.71044485077262,116.97999937579036,121.29999935790896,0.01987176838930868
344,2023-03-13,120.36779744133352,118.3700001360476,116.97999937579036,0.028960489687301954
345,2023-03-14,119.28837168350815,119.82999949917196,118.3700001360476,0.007758482270888141
346,2023-03-15,119.5444135697186,120.01000112056731,119.82999949917196,-0.002383259039029997
347,2023-03-16,119.88421629801392,120.09000021904707,120.01000112056731,-0.0010481195015323423
348,2023-03-17,120.19335083976388,116.03000095680355,120.09000021904707,0.0008606097137837971
349,2023-03-20,118.27639939025043,118.69999945878982,116.03000095680355,0.019360496551949435
350,2023-03-21,118.59335913732647,118.35999964043498,118.69999945878982,-0.0008984020383283039
351,2023-03-22,118.57236052975058,114.12000119000673,118.35999964043498,0.0017941947445144835
352,2023-03-23,116.35595385029912,114.15000024363398,114.12000119000673,0.019592995416899642
353,2023-03-24,115.19357994273304,117.02999942064285,114.15000024363398,0.00914217868481568
354,2023-03-27,116.140478451401,117.06000090748071,117.02999942064285,-0.007600794442838863
355,2023-03-28,116.73168536648154,116.65000005304813,117.06000090748071,-0.002804677417170511
356,2023-03-29,116.85946785494684,119.87999954402446,116.65000005304813,0.0017956948290051677
357,2023-03-30,118.65653015121816,121.92000088736414,119.87999954402446,-0.010205784096261944
358,2023-03-31,120.66373424872755,124.77000101074576,121.92000088736414,-0.010304024192037135
359,2023-04-03,123.13617794796824,123.77000011369586,124.77000101074576,-0.013094678604970204
360,2023-04-04,123.89203049227595,124.08000087842345,123.77000011369586,0.0009859447238264071
361,2023-04-05,124.38507195845246,122.27000120133161,124.08000087842345,0.0024586643928857237
362,2023-04-06,123.63785244539379,122.75000065863132,122.27000120133161,0.011187136915209938
363,2023-04-10,123.40589934423565,123.74000106006861,122.75000065863132,0.005343370118818873
364,2023-04-11,123.77414143815636,122.66999912694097,123.74000106006861,0.00027590413605364713
365,2023-04-12,123.4396528418362,122.81000119909643,122.66999912694097,0.006274180487266418
366,2023-04-13,123.35305974259973,121.92000088736414,122.81000119909643,0.004421940706790645
367,2023-04-14,122.8538379214704,119.76000089630485,121.92000088736414,0.007659424436594183
368,2023-04-17,121.46448439523577,123.14000052183866,119.76000089630485,0.014232494039531338
369,2023-04-18,122.45562353923916,123.70999957323073,123.14000052183866,-0.0055577146313080415
370,2023-04-19,123.3121720714867,125.1600008739531,123.70999957323073,-0.0032158071547687345
371,2023-04-20,124.54345450356602,123.25000110715627,125.1600008739531,-0.0049260655647325
372,2023-04-21,124.239497833997,123.58000042989849,123.25000110715627,0.008028370936730873
373,2023-04-24,124.21050856277346,123.19000056669115,123.58000042989849,0.005102024038530609
374,2023-04-25,123.9498289771378,120.64000071242451,123.19000056669115,0.0061679390125117944
375,2023-04-26,122.46785285577177,119.07000076398253,120.64000071242451,0.015151294202197482
376,2023-04-27,120.85516466036438,122.17999917402862,119.07000076398253,0.014992558032483358
377,2023-04-28,121.61489574238658,125.25000046804547,122.17999917402862,-0.004625171349339522
378,2023-05-01,123.65706020995974,122.40000034466385,125.25000046804547,-0.012718085845373974
379,2023-05-02,123.34075256332754,122.4799994431436,122.40000034466385,0.007685884117766693
380,2023-05-03,123.21797762230038,124.1599999769032,122.4799994431436,0.006025295415676094
381,2023-05-04,123.9762341786921,124.87999916285276,124.1599999769032,-0.001480072472980696
382,2023-05-05,124.70410480096936,127.24999982893466,124.87999916285276,-0.001408507071288611
383,2023-05-08,126.28348720952867,127.3700009098649,127.24999982893466,-0.007595384052693881
384,2023-05-09,127.20486620530485,125.91999960914254,127.3700009098649,-0.0012964960617131956
385,2023-05-10,126.95790019467472,128.07999960020183,125.91999960914254,0.008242539618439034
386,2023-05-11,127.85870396152139,125.7400004209578,128.07999960020183,-0.001727792312392358
387,2023-05-12,127.13270204499364,125.16999893635511,125.7400004209578,0.011076042781718549
388,2023-05-15,126.42856009259819,125.27999952167272,125.16999893635511,0.01005481478739177
389,2023-05-16,126.09558495327829,121.24999931305646,125.27999952167272,0.006510100851848087
390,2023-05-17,123.86793197438121,122.70000061377883,121.24999931305646,0.021591197329127235
391,2023-05-18,123.40504285410046,122.06000052630901,122.70000061377883,0.005746065499550272
392,2023-05-19,122.85608134165406,123.0599989901483,122.06000052630901,0.006522044993547755
393,2023-05-22,123.12030854836105,124.23000101298094,123.0599989901483,0.000490082550850492
394,2023-05-23,123.91135018453001,123.54000088065862,124.23000101298094,-0.0025650070502505357
395,2023-05-24,124.01450858160852,121.02000008001923,123.54000088065862,0.0038409235678108907
396,2023-05-25,122.77483157292008,121.97999899461865,121.02000008001923,0.014500342850277162
397,2023-05-26,122.5597308884561,124.9500001989305,121.97999899461865,0.004752679936183827
398,2023-05-30,123.96436497732996,124.31000011146068,124.9500001989305,-0.007888237055072597
399,2023-05-31,124.40891742244362,124.54999984011053,124.31000011146068,0.0007957309218425562
400,2023-06-01,124.79280019417405,122.6400000733137,124.54999984011053,0.001949420749700608
401,2023-06-02,124.02168655291199,124.92000114530325,122.6400000733137,0.011266197641652967
402,2023-06-05,124.72797946348786,124.62999893859028,124.92000114530325,-0.0015371572210605125
403,2023-06-06,124.93483156397939,125.83000001505016,124.62999893859028,0.00244590089051764
404,2023-06-07,125.65980179920791,128.0600010421872,125.83000001505016,-0.0013526044331390863
405,2023-06-08,127.19178526505827,124.91000064969062,128.0600010421872,-0.00677975769220012
406,2023-06-09,126.42455502793192,121.30999985352157,124.91000064969062,0.012125165081768426
407,2023-06-12,124.14777066037058,119.61999882414936,121.30999985352157,0.02339271956372547
408,2023-06-13,121.98676818653941,121.34999940276145,119.61999882414936,0.019785733035070318
409,2023-06-14,121.69168786928057,122.27000120133161,121.34999940276145,0.0028157269732243667
410,2023-06-15,122.06029494479299,121.72000070795416,122.27000120133161,-0.0017151079944239013
411,2023-06-16,122.0692880912125,122.62999957770108,121.72000070795416,0.002869597282507389
412,2023-06-20,122.6107845135033,120.84000089183449,122.62999957770108,-0.00015669138272813348
413,2023-06-21,121.98025691494345,120.690000757277,120.84000089183449,0.009436080889552619
414,2023-06-22,121.52344108834862,118.65999990954994,120.690000757277,0.006905628683752923
415,2023-06-23,120.20334646895527,116.90000027731061,118.65999990954994,0.013006460143112852
416,2023-06-26,118.57258438512682,119.01000022351741,116.90000027731061,0.01430781953677071
417,2023-06-27,118.82487426057457,120.86999994546174,119.01000022351741,-0.0015555496394852675
418,2023-06-28,119.99301974371075,120.60000116318464,120.86999994546174,-0.007255565501337817
419,2023-06-29,120.54219051226973,121.49999953731894,120.60000116318464,-0.0004793586265118902
420,2023-06-30,121.3177471961081,122.62999957770108,121.49999953731894,-0.001500019274937214
421,2023-07-03,122.29739671960472,123.8499992121756,122.62999957770108,-0.002712247078543131
422,2023-07-05,123.39914961799978,123.98999885112046,123.8499992121756,-0.003640287420619528
423,2023-07-06,124.01763769045472,122.99000038728117,123.98999885112046,0.0002229118444258202
424,2023-07-07,123.81254236802458,121.98999949023127,122.99000038728117,0.0066878768855461465
425,2023-07-10,123.15436376407742,121.81000030204653,121.98999949023127,0.009544751854346771
426,2023-07-11,122.66958061471581,123.2199996203184,121.81000030204653,0.007056730240028069
427,2023-07-12,123.12622611656785,125.23999997243284,123.2199996203184,-0.0007610250287250601
428,2023-07-13,124.42958511337638,126.94999955981969,125.23999997243284,-0.006470894755947373
429,2023-07-14,126.02684188708662,127.75000027745962,126.94999955981969,-0.00727182099987382
430,2023-07-17,127.29110405579209,127.97999951049685,127.75000027745962,-0.0035921426275605114
431,2023-07-18,128.05426596477628,123.99999934673309,127.97999951049685,0.000580297347737786
432,2023-07-19,126.41472972348332,122.77999971225857,123.99999934673309,0.01947363217315893
433,2023-07-20,124.8387586762011,123.75999961808323,122.77999971225857,0.01676786910545149
434,2023-07-21,124.44518199339508,125.44000015184282,123.75999961808323,0.00553637990809866
435,2023-07-24,125.10325840249656,127.01000010028481,125.44000015184282,-0.002684484605697066
436,2023-07-25,126.31265653833746,127.09999969437717,127.01000010028481,-0.00549046186439445
437,2023-07-26,127.06128731355071,129.28000067666173,127.09999969437717,-0.0003045820686038929
438,2023-07-27,128.55975573644042,124.93999970331788,129.28000067666173,-0.005571201550522025
439,2023-07-28,127.15886879190802,123.64999903276562,124.93999970331788,0.01775947729997646
440,2023-07-31,125.69034832522273,124.75000001952051,123.64999903276562,0.016501005324847943
441,2023-08-01,125.41171651169657,124.18000096812844,124.75000001952051,0.005304340617815722
442,2023-08-02,124.96818601503968,123.68000051960348,124.18000096812844,0.006347117416382776
443,2023-08-03,124.51256732806563,123.80999966293572,123.68000051960348,0.00673162035061751
444,2023-08-04,124.3798892198503,122.23999971449375,123.80999966293572,0.0046029364224704
445,2023-08-07,123.53032886847853,124.43000119239092,122.23999971449375,0.010555703182252168
446,2023-08-08,124.18972407773137,123.41999979972839,124.43000119239092,-0.0019310223608214646
447,2023-08-09,124.04230071321129,122.60000052407383,123.41999979972839,0.005042139965100472
448,2023-08-10,123.55661240950226,122.160000616014,122.60000052407383,0.007802707025605507
449,2023-08-11,123.07106036558747,123.50999939382075,122.160000616014,0.007457921946457791
450,2023-08-14,123.49781144186854,123.4800003401935,123.50999939382075,-9.867988026905991e-05
451,2023-08-15,123.72082006081938,122.6900001181662,123.4800003401935,0.0019502730803564049
452,2023-08-16,123.44651936218142,121.8499998512864,122.6900001181662,0.006166103539706562
453,2023-08-17,122.87694368943572,120.20000080436468,121.8499998512864,0.008427934668877063
454,2023-08-18,121.70467634752391,121.47000048369169,120.20000080436468,0.012518099276956077
455,2023-08-21,121.71795194461941,120.14000026389955,121.47000048369169,0.002041256770728445
456,2023-08-22,121.05756398543714,121.02000008001923,120.14000026389955,0.00763745396638979
457,2023-08-23,121.19122511073947,123.06999948576092,121.02000008001923,0.0014148490382335287
458,2023-08-24,122.35854330226779,121.73999926596879,123.06999948576092,-0.005780906691036766
459,2023-08-25,122.31833693012595,122.66000106453895,121.73999926596879,0.004750596908528398
460,2023-08-28,122.76057295873761,123.99999934673309,122.66000106453895,0.0008199241262499965
461,2023-08-29,123.66522119835018,125.10000033348798,123.99999934673309,-0.00269982379150496
462,2023-08-30,124.69584648415446,125.70000087171792,125.10000033348798,-0.0032306462690339212
463,2023-08-31,125.5332407824695,124.19999952614307,125.70000087171792,-0.0013266514565787374
464,2023-09-01,125.20543864890932,124.58999938935041,124.19999952614307,0.008095323080533597
465,2023-09-05,125.19461086168884,122.05000003069638,124.58999938935041,0.004852809015986831
466,2023-09-06,123.85606277301906,121.38000088959932,122.05000003069638,0.014797728323379302
467,2023-09-07,122.7650111348927,123.30999921441078,121.38000088959932,0.011410530854692588
468,2023-09-08,123.17896838977933,122.4799994431436,123.30999921441078,-0.0010626131332919424
469,2023-09-11,123.0138361184299,122.160000616014,122.4799994431436,0.004358562032277829
470,2023-09-12,122.79881329670548,121.97999899461865,122.160000616014,0.005229311374182578
471,2023-09-13,122.60887687638402,121.23999881744385,121.97999899461865,0.005155581955637712
472,2023-09-14,122.12508647695184,124.33000110268593,121.23999881744385,0.007300294194498482
473,2023-09-15,123.44563367351888,123.18000007107854,124.33000110268593,-0.007113065401138626
474,2023-09-18,123.58065253034233,122.72999966740608,123.18000007107854,0.003252577196238086
475,2023-09-19,123.43137992575764,121.57000057339668,122.72999966740608,0.005714823272649541
476,2023-09-20,122.74018265381454,120.90999949470162,121.57000057339668,0.009625582585330118
477,2023-09-21,121.99832107052207,114.55000060245393,120.90999949470162,0.009001088250505994
478,2023-09-22,118.27637505814432,114.07000114515424,114.55000060245393,0.032530549420272656
479,2023-09-25,115.98180392101406,113.24999943628906,114.07000114515424,0.016759908448033187
480,2023-09-26,114.37003547921776,111.50000029966235,113.24999943628906,0.00988994303314589
481,2023-09-27,112.67171286955475,111.25000007539987,111.50000029966235,0.010508632885590716
482,2023-09-28,111.76357540592551,112.12999989151955,111.25000007539987,0.004616407462270235
483,2023-09-29,111.8858637048304,112.20999898999929,112.12999989151955,-0.002177260206236842
